{
  "trained_at": "2026-07-02T21:11:13.765576+00:00",
  "n_sellers": 2433,
  "churn_rate": 0.4808877928483354,
  "dataset_hash": "a7e713641f0ac6f2",
  "baseline_logreg": {
    "auc_roc": 0.9046727707060248,
    "pr_auc": 0.9049208537924507,
    "precision": 0.8769074262461851,
    "recall": 0.7367521367521368,
    "f1": 0.800743149094287,
    "confusion_matrix": [
      [
        1142,
        121
      ],
      [
        308,
        862
      ]
    ]
  },
  "xgboost": {
    "auc_roc": 0.9898011111787834,
    "pr_auc": 0.9895968911280634,
    "precision": 0.9532467532467532,
    "recall": 0.941025641025641,
    "f1": 0.9470967741935484,
    "confusion_matrix": [
      [
        1209,
        54
      ],
      [
        69,
        1101
      ]
    ]
  }
}